{
  "text": " Did you hear the request of the audience? There are two small heads, a few bodies, and then the police arrested. The police are looking for two people.",
  "segments": [
    {
      "id": 0,
      "seek": 0,
      "start": 0.0,
      "end": 2.0,
      "text": " Did you hear the request of the audience?",
      "tokens": [
        2589,
        291,
        1568,
        264,
        5308,
        295,
        264,
        4034,
        30
      ],
      "temperature": 0.0,
      "avg_logprob": -0.9862363714920847,
      "compression_ratio": 1.2990654205607477,
      "no_speech_prob": 0.3364624083042145
    },
    {
      "id": 1,
      "seek": 0,
      "start": 2.0,
      "end": 6.0,
      "text": " There are two small heads, a few bodies, and then the police arrested.",
      "tokens": [
        821,
        366,
        732,
        1359,
        8050,
        11,
        257,
        1326,
        7510,
        11,
        293,
        550,
        264,
        3804,
        12469,
        13
      ],
      "temperature": 0.0,
      "avg_logprob": -0.9862363714920847,
      "compression_ratio": 1.2990654205607477,
      "no_speech_prob": 0.3364624083042145
    },
    {
      "id": 2,
      "seek": 600,
      "start": 6.0,
      "end": 7.46,
      "text": " The police are looking for two people.",
      "tokens": [
        50364,
        440,
        3804,
        366,
        1237,
        337,
        732,
        561,
        13,
        51564
      ],
      "temperature": 0.0,
      "avg_logprob": -0.7661974646828391,
      "compression_ratio": 0.8260869565217391,
      "no_speech_prob": 0.07543390244245529
    }
  ],
  "language": "zh"
}