{
  "text": " Some internal redefined the Ste nob Change others tries to find the fastest The famous gamble and demand is common in the market",
  "segments": [
    {
      "id": 0,
      "seek": 0,
      "start": 0.0,
      "end": 4.96,
      "text": " Some internal redefined the Ste nob Change",
      "tokens": [
        2188,
        6920,
        38818,
        2001,
        264,
        3592,
        572,
        65,
        15060
      ],
      "temperature": 1.0,
      "avg_logprob": -6.542938232421875,
      "compression_ratio": 0.9117647058823529,
      "no_speech_prob": 0.008259559981524944
    },
    {
      "id": 1,
      "seek": 496,
      "start": 4.96,
      "end": 6.52,
      "text": " others tries to find the fastest",
      "tokens": [
        2357,
        9898,
        281,
        915,
        264,
        14573
      ],
      "temperature": 1.0,
      "avg_logprob": -3.2193682743952823,
      "compression_ratio": 1.240506329113924,
      "no_speech_prob": 0.3972395658493042
    },
    {
      "id": 2,
      "seek": 652,
      "start": 6.52,
      "end": 9.95,
      "text": " The famous gamble and demand is common in the market",
      "tokens": [
        50364,
        440,
        4618,
        44128,
        293,
        4733,
        307,
        2689,
        294,
        264,
        2142,
        50524
      ],
      "temperature": 1.0,
      "avg_logprob": -2.86061037503756,
      "compression_ratio": 0.9285714285714286,
      "no_speech_prob": 0.3587552011013031
    }
  ],
  "language": "zh"
}